Workbook

Sheet Calculator
A1: Firer (weapon/unit): | B1: Dragon MSL
A2: Target (weapon/unit): | B2: T-72
A3: Range (hexes): | B3: 8
A4: Ammo/armor type (from firer): | B4: =IFERROR(VLOOKUP($B$1,Weapons!$A$2:$T$100,7,FALSE),"") -> HT
A5: Firer firepower: | B5: =IFERROR(VLOOKUP($B$1,Weapons!$A$2:$T$100,8,FALSE),"") -> 10
A6: Target armor (front vs ammo): | B6: =IF($B$4="HT",IFERROR(VLOOKUP($B$2,Weapons!$A$2:$T$100,3,FALSE),""),IF($B$4="HV",IFERROR(VLOOKUP($B$2,Weapons!$A$2:$T$100,5,FALSE),""),"")) -> 11
A7: Armor differential (FP - Armor): | B7: =IF(OR($B$5="",$B$6=""),"", $B$5 - $B$6) -> -1
A8: Range band (1–6): | B8: 4
A9: Base Kill Number: | B9: =IF($B$4="HV",IF(OR($B$7="",$B$8=""),"",INDEX(Kill_Table!$B$3:$G$9,MATCH($B$7,Kill_Table!$A$3:$A$9,1),$B$8)), IF($B$4="HT",IF(OR($B$7="",$B$8=""),"",INDEX(Kill_Table!$B$12:$G$21,MATCH($B$7,Kill_Table!$A$12:$A$21,1),$B$8)),"")) -> 0
A10: Total die-roll modifier: | B10: =IF(COUNTA(C15:C31)=0,"",SUMIF(C15:C31,"X",D15:D31)) -> 0
A11: Final Kill Number (after modifiers): | B11: =IF($B$9="","",MAX(0,MIN(10,$B$9 - IF($B$10="",0,$B$10)))) -> 0
A12: Final Chance to Kill: | B12: =IF($B$11="","",$B$11/10) -> 0
A13: Result note: | B13: =IF($B$11="","", "Roll ≤ "&TEXT($B$11,"0")&" to kill ("&TEXT($B$12,"0%")&")") -> Roll ≤ 0 to kill (0%)
A14: Type | B14: Description | C14: Use? (X) | D14: Modifier
A15: Firer | B15: leadership rating (6.31) | D15: -1
A16: Firer | B16: Chemical Warfare (17) | D16: 1
A17: Firer | B17: US Chemical attacks (17) | D17: -1
A18: Firer | B18: Soviet Chemical attacks (17) | D18: -2
A19: Firer | B19: vs. flashes only (15) | D19: 2
A20: Firer | B20: firing at night (15) | D20: 1
A21: Target | B21: target in defilade | D21: 2
A22: Target | B22: target is cautious moving | D22: 3
A23: Target | B23: target in wood buildings | D23: 3
A24: Target | B24: target in stone buildings | D24: 4
A25: Target | B25: target in woods vs. direct fire | D25: 2
A26: Target | B26: target in woods vs. indirect fire | D26: -1
... A30: Target | B30: target entrenched vs. indirect fire (16.2) | D30: 3
A31: Target | B31: Advanced effect of height (18.3)
A33: Debug: Used range band: | B33: =B8 -> 4 | D33: 1
A34: Debug: Differential row used in table: | B34: =IF($B$4="HV",IF($B$7="","",INDEX(Kill_Table!$A$3:$A$9,MATCH($B$7,Kill_Table!$A$3:$A$9,1))),IF($B$4="HT",IF($B$7="","",INDEX(Kill_Table!$A$12:$A$21,MATCH($B$7,Kill_Table!$A$12:$A$21,1))),"")) -> -1 | D34: 2

Sheet Weapons
A1: Weapon | B1: Side | C1: HT Front armor | D1: HT Flank armor | E1: HV Front armor | F1: HV Flank armor | G1: Ammo type | H1: Firepower | I1: Range1 | J1: Range2 | K1: Range3 | L1: Range4 | M1: Range5 | N1: Range6 | O1: Range 7 | P1: Range8 | Q1: Range 9 | R1: Range 10 | S1: HT Firepower | T1: HV Firepower | U1: Range1_Min | V1: Range1_Max | W1: Range2_Min | X1: Range2_Max | Y1: Range3_Min | Z1: Range3_Max | AA1: Range4_Min | AB1: Range4_Max | AC1: Range5_Min | AD1: Range5_Max | AE1: Range6_Min | AF1: Range6_Max
A2: Heli RKT | B2: US | C2: 1 | E2: 1 | G2: HT | H2: 6 | J2: 6-22 | K2: 23-33 | L2: 34-42 | U2: 6 | V2: 6 | AA2: 6 | AB2: 22 | AC2: 23 | AD2: 33 | AE2: 34 | AF2: 42
A3: Law RKT | B3: US | G3: HT | H3: 6 | I3: 0 | J3: 1 | L3: 2 | N3: 3 | O3: 4-5 | U3: 6 | V3: 6 | Y3: 0 | Z3: 0 | AA3: 1 | AB3: 1 | AE3: 2 | AF3: 2
A4: Dragon MSL | B4: US | G4: HT | H4: 10 | K4: 3-10 | U4: 10 | V4: 10 | AC4: 3 | AD4: 10
A5: TOW MSL | B5: US | G5: HT | H5: 10 | I5: 7-40 | J5: 6 | K5: 5 | L5: 4 | N5: 2-3 | U5: 10 | V5: 10 | Y5: 7 | Z5: 40 | AA5: 6 | AB5: 6 | AC5: 5 | AD5: 5 | AE5: 4 | AF5: 4
A6: Hellfire MSL | B6: US | G6: HT | H6: 11 | I6: 6-55 | J6: 5 | K6: 4 | L6: 2 | U6: 11 | V6: 11 | Y6: 6 | Z6: 55 | AA6: 5 | AB6: 5 | AC6: 4 | AD6: 4 | AE6: 2 | AF6: 2
A7: Stinger SAM | B7: US | G7: HT | H7: 7 | L7: 0-20 | M7: 21-25 | N7: 26-30 | U7: 7 | V7: 7 | AE7: 0 | AF7: 20
A8: M1 | B8: US | C8: 11 | D8: 4 | E8: 10 | F8: 4 | G8: HV | H8: 11 | I8: 0-7 | J8: 8-11 | K8: 12-14 | L8: 15-18 | M8: 19-21 | N8: 22-26 | O8: 27-32 | W8: 11 | X8: 11 | Y8: 0 | Z8: 7 | AA8: 8 | AB8: 11 | AC8: 12 | AD8: 14 | AE8: 15 | AF8: 18
A9: M2 | B9: US | C9: 7 | D9: 2 | E9: 6 | F9: 2 | G9: HV | H9: 7 | I9: 0-5 | J9: 6-7 | K9: 8-9 | L9: 10-11 | M9: 12-14 | N9: 15-18 | O9: 19-22 | W9: 7 | X9: 7 | Y9: 0 | Z9: 5 | AA9: 6 | AB9: 7 | AC9: 8 | AD9: 9 | AE9: 10 | AF9: 11
A10: AH-64 | B10: US | C10: 2 | D10: 1 | E10: 2 | F10: 1 | G10: HV | H10: 4 | I10: 0-5 | J10: 6-7 | K10: 8-9 | L10: 10-11 | M10: 12-14 | N10: 15-18 | O10: 19-22 | W10: 4 | X10: 4 | Y10: 0 | Z10: 5 | AA10: 6 | AB10: 7 | AC10: 8 | AD10: 9 | AE10: 10 | AF10: 11
A11: M60a3 | B11: US | C11: 9 | D11: 3 | E11: 9 | F11: 3 | G11: HV | H11: 8 | I11: 0-6 | J11: 7-9 | K11: 10-11 | L11: 12-13 | M11: 14-16 | N11: 17-22 | O11: 23-30 | W11: 8 | X11: 8 | Y11: 0 | Z11: 6 | AA11: 7 | AB11: 9 | AC11: 10 | AD11: 11 | AE11: 12 | AF11: 13
G14: HT | I14: Range 1 | J14: Range 2 | K14: Range 3 | L14: Range 4 | M14: Range 5 | N14: Range 6 | O14: Range 7 | P14: Range 8 | Q14: Range 9 | R14: Range 10
A15: Heli RKT | B15: Soviet | G15: HT | H15: 6 | K15: 6-20 | L15: 21-30 | M15: 31-37 | U15: 6 | V15: 6 | AC15: 6 | AD15: 20 | AE15: 21 | AF15: 30
A16: RPG-16 RKT | B16: Soviet | G16: HT | H16: 6 | I16: 0 | J16: 1 | K16: 2 | L16: 3 | M16: 4 | U16: 6 | V16: 6 | Y16: 0 | Z16: 0 | AA16: 1 | AB16: 1 | AC16: 2 | AD16: 2 | AE16: 3 | AF16: 3
A17: Sagger MSL | B17: Soviet | G17: HT | H17: 10 | I17: 12-37 | K17: 9-11 | L17: 7-8 | N17: 6 | P17: 5 | Q17: 5 | R17: 4 | U17: 10 | V17: 10 | Y17: 12 | Z17: 37 | AC17: 9 | AD17: 11 | AE17: 7 | AF17: 8
A18: Spandrel MSL | B18: Soviet | G18: HT | H18: 9 | I18: 4-40 | J18: 3 | L18: 2 | M18: 1 | U18: 9 | V18: 9 | Y18: 4 | Z18: 40 | AA18: 3 | AB18: 3 | AE18: 2 | AF18: 2
A19: Spigot MSL | B19: Soviet | G19: HT | H19: 8 | I19: 4-25 | J19: 3 | K19: 2 | L19: 1 | U19: 8 | V19: 8 | Y19: 4 | Z19: 25 | AA19: 3 | AB19: 3 | AC19: 2 | AD19: 2 | AE19: 1 | AF19: 1
A20: Spiral MSL | B20: Soviet | G20: HT | H20: 8 | I20: 9-55 | J20: 7-8 | K20: 6 | U20: 8 | V20: 8 | Y20: 9 | Z20: 55 | AA20: 7 | AB20: 8 | AC20: 6 | AD20: 6
A21: SA-14 SAM | B21: Soviet | G21: HT | H21: 8 | N21: 0-27 | O21: 28-45 | U21: 8 | V21: 8
A22: AGS-17 | B22: Soviet | G22: Ht | H22: 6 | I22: 0 | J22: 1-3 | K22: 4-5 | L22: 6 | M22: 7 | N22: 8 | O22: 9 | P22: 10 | U22: 6 | V22: 6 | Y22: 0 | Z22: 0 | AA22: 1 | AB22: 3 | AC22: 4 | AD22: 5 | AE22: 6 | AF22: 6
A23: SPG-9 | B23: Soviet | G23: HT | H23: 9 | I23: 0-4 | J23: 5 | K23: 6 | L23: 7 | M23: 8 | N23: 9 | O23: 10 | P23: 11 | Q23: 12 | R23: 13 | U23: 9 | V23: 9 | Y23: 0 | Z23: 4 | AA23: 5 | AB23: 5 | AC23: 6 | AD23: 6 | AE23: 7 | AF23: 7
A24: BMP-1 | B24: Soviet | C24: 4 | D24: 2 | E24: 4 | F24: 2 | G24: HV | H24: 5 | I24: 0-4 | J24: 5 | K24: 6 | L24: 7 | M24: 8 | N24: 9 | O24: 10 | P24: 11 | Q24: 12 | R24: 13 | W24: 5 | X24: 5 | Y24: 0 | Z24: 4 | AA24: 5 | AB24: 5 | AC24: 6 | AD24: 6 | AE24: 7 | AF24: 7
A25: BMP-2 | B25: Soviet | C25: 4 | D25: 2 | E25: 4 | F25: 2 | G25: HV | H25: 5 | I25: 0-4 | J25: 5-6 | K25: 7-8 | L25: 9-10 | M25: 11-12 | N25: 13-14 | O25: 13-14 | P25: 15-17 | Q25: 18-20 | W25: 5 | X25: 5 | Y25: 0 | Z25: 4 | AA25: 5 | AB25: 6 | AC25: 7 | AD25: 8 | AE25: 9 | AF25: 10
A26: ASU-85 | B26: Soviet | G26: HV | H26: 6 | I26: 0-4 | J26: 5-6 | K26: 7-8 | L26: 9-10 | M26: 11-12 | N26: 13-14 | O26: 13-14 | P26: 15-17 | Q26: 18-20 | W26: 6 | X26: 6 | Y26: 0 | Z26: 4 | AA26: 5 | AB26: 6 | AC26: 7 | AD26: 8 | AE26: 9 | AF26: 10
A27: Mi-6 | B27: Soviet | G27: HV | H27: 2 | J27: 0 | K27: 1 | L27: 2 | M27: 3 | N27: 4 | O27: 5 | P27: 6 | Q27: 7 | R27: 8 | W27: 2 | X27: 2 | AA27: 0 | AB27: 0 | AC27: 1 | AD27: 1 | AE27: 2 | AF27: 2
A28: Mi-24 | B28: Soviet | C28: 2 | D28: 1 | E28: 2 | F28: 1 | G28: HV | H28: 4 | I28: 0-4 | J28: 5-6 | K28: 7-8 | L28: 9-10 | M28: 11-12 | N28: 13-14 | O28: 15-17 | P28: 18-20 | W28: 4 | X28: 4 | Y28: 0 | Z28: 4 | AA28: 5 | AB28: 6 | AC28: 7 | AD28: 8 | AE28: 9 | AF28: 10
A29: SAU-122 | B29: Soviet | G29: HV | H29: 6 | I29: 0-2 | J29: 3 | K29: 4 | L29: 5-6 | M29: 7-8 | N29: 9 | O29: 10 | P29: 11 | Q29: 12 | R29: 13 | W29: 6 | X29: 6 | Y29: 0 | Z29: 2 | AA29: 3 | AB29: 3 | AC29: 4 | AD29: 4 | AE29: 5 | AF29: 6
A30: T-80 | B30: Soviet | C30: 11 | D30: 4 | E30: 10 | F30: 4 | G30: HV | H30: 10 | I30: 0-7 | J30: 8-11 | K30: 12-14 | L30: 15-16 | M30: 17-19 | N30: 20-21 | O30: 22-23 | P30: 24-26 | W30: 10 | X30: 10 | Y30: 0 | Z30: 7 | AA30: 8 | AB30: 11 | AC30: 12 | AD30: 14 | AE30: 15 | AF30: 16
A31: T-72 | B31: Soviet | C31: 11 | D31: 4 | E31: 10 | F31: 4 | G31: HV | H31: 9 | I31: 0-7 | J31: 8-11 | K31: 12-14 | L31: 15-16 | M31: 17-19 | N31: 20-21 | O31: 22-23 | P31: 24-26 | W31: 9 | X31: 9 | Y31: 0 | Z31: 7 | AA31: 8 | AB31: 11 | AC31: 12 | AD31: 14 | AE31: 15 | AF31: 16
A32: T-62 | B32: Soviet | C32: 9 | D32: 3 | E32: 9 | F32: 3 | G32: HV | H32: 8 | I32: 0-5 | J32: 6-7 | K32: 8-9 | L32: 10 | M32: 11-12 | N32: 13-14 | O32: 15-17 | P32: 18-20 | W32: 8 | X32: 8 | Y32: 0 | Z32: 5 | AA32: 6 | AB32: 7 | AC32: 8 | AD32: 9 | AE32: 10 | AF32: 10

Sheet Kill_Table
A1: HV Kill Table
A2: Differential | B2: Range 1 | C2: Range 2 | D2: Range 3 | E2: Range 4 | F2: Range 5 | G2: Range 6 | H2: Range 7 | I2: Range 8 | J2: Range 9 | K2: Range 10
A3: -1 | B3: 1 | C3: 1 | D3: 0 | E3: 0 | F3: 0 | G3: 0 | H3: 0 | I3: 0 | J3: 0 | K3: 0
A4: 0 | B4: 2 | C4: 2 | D4: 1 | E4: 1 | F4: 1 | G4: 1 | H4: 1 | I4: 1 | J4: 1 | K4: 0
A5: 1 | B5: 4 | C5: 3 | D5: 3 | E5: 2 | F5: 2 | G5: 2 | H5: 1 | I5: 1 | J5: 1 | K5: 0
A6: 2 | B6: 6 | C6: 6 | D6: 5 | E6: 4 | F6: 4 | G6: 3 | H6: 2 | I6: 1 | J6: 1 | K6: 0
A7: 3 | B7: 8 | C7: 7 | D7: 6 | E7: 5 | F7: 4 | G7: 3 | H7: 3 | I7: 2 | J7: 1 | K7: 1
A8: 4 | B8: 8 | C8: 7 | D8: 6 | E8: 5 | F8: 5 | G8: 4 | H8: 3 | I8: 2 | J8: 1 | K8: 1
A9: 5 / >5 | B9: 9 | C9: 8 | D9: 7 | E9: 6 | F9: 5 | G9: 4 | H9: 3 | I9: 2 | J9: 1 | K9: 1
A10: HT Kill Table
A11: Differential
A12: -1 | B12: 1 | C12: 1 | D12: 0 | E12: 0 | F12: 0 | G12: 0 | H12: 0 | I12: 0 | J12: 0 | K12: 0
A13: 0 | B13: 1 | C13: 1 | D13: 1 | E13: 1 | F13: 1 | G13: 0 | H13: 0 | I13: 0 | J13: 0 | K13: 0
A14: 1 | B14: 2 | C14: 2 | D14: 1 | E14: 1 | F14: 1 | G14: 1 | H14: 1 | I14: 1 | J14: 1 | K14: 0
A15: 2 | B15: 4 | C15: 3 | D15: 3 | E15: 2 | F15: 2 | G15: 2 | H15: 1 | I15: 1 | J15: 1 | K15: 0
A16: 3 | B16: 5 | C16: 5 | D16: 4 | E16: 4 | F16: 3 | G16: 2 | H16: 2 | I16: 1 | J16: 1 | K16: 0
A17: 4 | B17: 6 | C17: 6 | D17: 5 | E17: 4 | F17: 4 | G17: 3 | H17: 2 | I17: 1 | J17: 1 | K17: 0
A18: 5 | B18: 7 | C18: 6 | D18: 5 | E18: 5 | F18: 4 | G18: 3 | H18: 2 | I18: 2 | J18: 1 | K18: 1
A19: 6 | B19: 8 | C19: 7 | D19: 6 | E19: 5 | F19: 4 | G19: 3 | H19: 3 | I19: 2 | J19: 1 | K19: 1
A20: 7 | B20: 8 | C20: 7 | D20: 6 | E20: 5 | F20: 5 | G20: 4 | H20: 3 | I20: 2 | J20: 1 | K20: 1
A21: 8 / >8 | B21: 9 | C21: 8 | D21: 7 | E21: 6 | F21: 5 | G21: 4 | H21: 3 | I21: 2 | J21: 1 | K21: 1

Sheet Sheet1
B2: HT front | C2: HT flank | D2: Hv front | E2: HV flank
A3: T-80 | B3: 11 | C3: 4 | D3: 10 | E3: 4
A5: BMP | B5: 1 | C5: 0 | D5: 2 | E5: 0

Sheet Infantry_Calculator
A1: Infantry Firepower:
A2: Range (hexes):
A3: Total die-roll modifier: | B3: =IF(COUNTA(C9:C40)=0,"",SUMIF(C9:C40,"X",D9:D40)) -> 0
A4: Base die roll (D10):
A5: Final modified die roll: | B5: =IF(B4="","",B4 + IF($B$3="",0,$B$3))
A6: Infantry table column (FP): | B6: =IF($B$1="","", MATCH($B$1, Infantry_Fire_Table!$B$1:$J$1,1))
A7: Infantry Fire Table result: | B7: =IF(OR($B$6="",$B$5=""),"", INDEX(Infantry_Fire_Table!$B$2:$J$15, MATCH($B$5, Infantry_Fire_Table!$A$2:$A$15,1), $B$6))
A8: Result note (Infantry): | B8: =IF($B$7="","","FP="&TEXT($B$1,"0")&", modified roll="&TEXT($B$5,"0")&" → "&$B$7)
A9: Type | B9: Description | C9: Use? (X) | D9: Modifier
A10: Firer | B10: leadership rating (6.31) | D10: -1
A13: Infantry Firepower used: | B13: =B5
A14: Infantry table column (FP): | B14: =IF($B$13="","", MATCH($B$13, Infantry_Fire_Table!$B$1:$J$1,1))
A15: Modified die-roll to check (1–14): | B15: =B8
A16: Infantry Fire Table result: | B16: =IF(OR($B$14="",$B$15=""),"", INDEX(Infantry_Fire_Table!$B$2:$J$15, MATCH($B$15, Infantry_Fire_Table!$A$2:$A$15,1), $B$14))
A17: Result note (Infantry): | B17: =IF($B$16="","","FP="&TEXT($B$13,"0")&", modified roll="&TEXT($B$15,"0")&" → "&$B$16) | D17: 1
A18: Target | B18: target in defilade | D18: 2
A19: Target | B19: target is cautious moving | D19: 3
A20: Target | B20: target in wood buildings | D20: 3
A21: Target | B21: target in stone buildings | D21: 4
A22: Target | B22: target in woods vs. direct fire | D22: 2
A23: Target | B23: target in woods vs. indirect fire | D23: -1
A24: Target | B24: target in cover | D24: 1
A25: Target | B25: target is a vehicle | D25: -2
A26: Target | B26: target entrenched vs. direct fire (16.2) | D26: 2
A27: Target | B27: target entrenched vs. indirect fire (16.2) | D27: 3
A28: Target | B28: Advanced effect of height (18.3)

Sheet Infantry_Fire_Table
A1: Firepower | B1: Fire power 2 | C1: fire power 4 | D1: fp 6 | E1: fp 8 | F1: fp 10 | G1: 12 | H1: 14 | I1: 16 | J1: 18 | K1: 21 | L1: 24 | M1: 28 | N1: 32 | O1: 36 | P1: 48 | Q1: 60 | R1: 80 | S1: 100 | T1: 120+
A2: modified Die roll 1 | B2: (+1) | C2: 1 | D2: 1 | E2: 1 | F2: 1 | G2: 1 | H2: E | I2: E | J2: E | K2: E | L2: E | M2: E | N2: E | O2: E | P2: E | Q2: E | R2: E | S2: E | T2: E
A3: modified Die roll 2 | B3: (+1) | C3: (+2) | D3: 1 | E3: 1 | F3: 1 | G3: 1 | H3: 1 | I3: 1 | J3: 1 | K3: 1 | L3: E | M3: E | N3: E | O3: E | P3: E | Q3: E | R3: E | S3: E | T3: E
A4: modified Die roll 3 | B4: (+1) | C4: (+2) | D4: (+2) | E4: (+2) | F4: 1 | G4: 1 | H4: 1 | I4: 1 | J4: 1 | K4: 1 | L4: 1 | M4: 1 | N4: E | O4: E | P4: E | Q4: E | R4: E | S4: E | T4: E
A5: modified Die roll 4 | B5: (+1) | C5: (+1) | D5: (+1) | E5: (+2) | F5: (+2) | G5: 1 | H5: 1 | I5: 1 | J5: 1 | K5: 1 | L5: 1 | M5: 1 | N5: 1 | O5: E | P5: E | Q5: E | R5: E | S5: E | T5: E
A6: modified Die roll 5 | B6: - | C6: - | D6: (+1) | E6: (+1) | F6: (+2) | G6: (+2) | H6: 1 | I6: 1 | J6: 1 | K6: 1 | L6: 1 | M6: 1 | N6: 1 | O6: E | P6: E | Q6: E | R6: E | S6: E | T6: E
A7: modified Die roll 6 | B7: - | C7: - | D7: - | E7: (+1) | F7: (+1) | G7: (+2) | H7: (+2) | I7: 1 | J7: 1 | K7: 1 | L7: 1 | M7: 1 | N7: 1 | O7: 1 | P7: E | Q7: E | R7: E | S7: E
A8: modified Die roll 7 | B8: - | C8: - | D8: - | E8: (+1) | F8: (+1) | G8: (+1) | H8: (+2) | I8: (+2) | J8: 1 | K8: 1 | L8: 1 | M8: 1 | N8: 1 | O8: 1 | P8: 1 | Q8: E | R8: E | S8: E | T8: E
A9: modified Die roll 8 | B9: - | C9: - | D9: - | E9: - | F9: (+1) | G9: (+1) | H9: (+1) | I9: (+2) | J9: (+2) | K9: (+2) | L9: 1 | M9: 1 | N9: 1 | O9: 1 | P9: 1 | Q9: 1 | R9: E | S9: E | T9: E
A10: modified Die roll 9 | B10: - | C10: - | D10: - | E10: - | F10: - | G10: (+1) | H10: (+1) | I10: (+1) | J10: (+2) | K10: (+2) | L10: (+2) | M10: (+2) | N10: 1 | O10: 1 | P10: 1 | Q10: 1 | R10: E | S10: E | T10: E
A11: modified Die roll 10 | B11: - | C11: - | D11: - | E11: - | F11: - | G11: - | H11: (+1) | I11: (+1) | J11: (+1) | K11: (+2) | L11: (+2) | M11: (+2) | N11: (+2) | O11: 1 | P11: 1 | Q11: 1 | R11: E | S11: E | T11: E
A12: modified Die roll 11 | B12: - | C12: - | D12: - | E12: - | F12: - | G12: - | H12: - | I12: (+1) | J12: (+1) | K12: (+2) | L12: (+2) | M12: (+2) | N12: (+2) | O12: 1 | P12: 1 | Q12: 1 | R12: 1
A13: modified Die roll 12 | B13: - | C13: - | D13: - | E13: - | F13: - | G13: - | H13: - | I13: - | J13: (+1) | K13: (+1) | L13: (+2) | M13: (+2) | N13: (+2) | O13: (+2) | P13: 1 | Q13: 1 | R13: 1 | S13: 1
A14: modified Die roll 13 | B14: - | C14: - | D14: - | E14: - | F14: - | G14: - | H14: - | I14: - | J14: - | K14: (+1) | L14: (+2) | M14: (+2) | N14: (+2) | O14: (+2) | P14: 1 | Q14: 1 | R14: 1
A15: modified Die roll 14 | B15: - | C15: - | D15: - | E15: - | F15: - | G15: - | H15: - | I15: - | J15: - | K15: (+1) | L15: (+2) | M15: (+2) | N15: (+2) | O15: (+2) | P15: 1 | Q15: 1 | R15: 1
